task_id,task_type,difficulty,instruction,input
0,classification,easy,Perform summarization on this input,Sample input text 0
1,reasoning,easy,Perform qa on this input,Sample input text 1
2,summarization,hard,Perform summarization on this input,Sample input text 2
3,summarization,easy,Perform classification on this input,Sample input text 3
4,summarization,medium,Perform reasoning on this input,Sample input text 4
5,qa,medium,Perform qa on this input,Sample input text 5
6,classification,easy,Perform translation on this input,Sample input text 6
7,classification,medium,Perform reasoning on this input,Sample input text 7
8,classification,easy,Perform translation on this input,Sample input text 8
9,summarization,hard,Perform qa on this input,Sample input text 9
10,classification,hard,Perform summarization on this input,Sample input text 10
11,classification,hard,Perform classification on this input,Sample input text 11
12,translation,hard,Perform reasoning on this input,Sample input text 12
13,summarization,hard,Perform reasoning on this input,Sample input text 13
14,translation,hard,Perform qa on this input,Sample input text 14
15,classification,easy,Perform classification on this input,Sample input text 15
16,qa,medium,Perform translation on this input,Sample input text 16
17,qa,easy,Perform qa on this input,Sample input text 17
18,classification,hard,Perform classification on this input,Sample input text 18
19,classification,easy,Perform summarization on this input,Sample input text 19
20,translation,medium,Perform classification on this input,Sample input text 20
21,qa,medium,Perform qa on this input,Sample input text 21
22,classification,medium,Perform reasoning on this input,Sample input text 22
23,qa,medium,Perform classification on this input,Sample input text 23
24,qa,medium,Perform classification on this input,Sample input text 24
25,classification,easy,Perform reasoning on this input,Sample input text 25
26,reasoning,medium,Perform reasoning on this input,Sample input text 26
27,qa,easy,Perform classification on this input,Sample input text 27
28,classification,easy,Perform translation on this input,Sample input text 28
29,reasoning,hard,Perform reasoning on this input,Sample input text 29
30,translation,easy,Perform translation on this input,Sample input text 30
31,translation,hard,Perform summarization on this input,Sample input text 31
32,summarization,easy,Perform summarization on this input,Sample input text 32
33,summarization,easy,Perform summarization on this input,Sample input text 33
34,reasoning,medium,Perform qa on this input,Sample input text 34
35,translation,hard,Perform translation on this input,Sample input text 35
36,classification,medium,Perform translation on this input,Sample input text 36
37,reasoning,hard,Perform classification on this input,Sample input text 37
38,summarization,hard,Perform translation on this input,Sample input text 38
39,summarization,easy,Perform summarization on this input,Sample input text 39
40,translation,easy,Perform qa on this input,Sample input text 40
41,summarization,easy,Perform qa on this input,Sample input text 41
42,qa,easy,Perform summarization on this input,Sample input text 42
43,translation,easy,Perform classification on this input,Sample input text 43
44,reasoning,hard,Perform reasoning on this input,Sample input text 44
45,summarization,easy,Perform classification on this input,Sample input text 45
46,reasoning,hard,Perform summarization on this input,Sample input text 46
47,summarization,medium,Perform classification on this input,Sample input text 47
48,qa,medium,Perform reasoning on this input,Sample input text 48
49,translation,easy,Perform classification on this input,Sample input text 49
50,classification,medium,Perform summarization on this input,Sample input text 50
51,qa,hard,Perform classification on this input,Sample input text 51
52,translation,hard,Perform translation on this input,Sample input text 52
53,translation,easy,Perform summarization on this input,Sample input text 53
54,translation,easy,Perform translation on this input,Sample input text 54
55,summarization,hard,Perform summarization on this input,Sample input text 55
56,translation,medium,Perform reasoning on this input,Sample input text 56
57,translation,hard,Perform qa on this input,Sample input text 57
58,classification,hard,Perform summarization on this input,Sample input text 58
59,translation,easy,Perform translation on this input,Sample input text 59
60,qa,medium,Perform qa on this input,Sample input text 60
61,summarization,easy,Perform reasoning on this input,Sample input text 61
62,translation,easy,Perform summarization on this input,Sample input text 62
63,translation,medium,Perform qa on this input,Sample input text 63
64,classification,medium,Perform reasoning on this input,Sample input text 64
65,translation,easy,Perform summarization on this input,Sample input text 65
66,qa,easy,Perform classification on this input,Sample input text 66
67,qa,medium,Perform classification on this input,Sample input text 67
68,summarization,hard,Perform translation on this input,Sample input text 68
69,reasoning,medium,Perform summarization on this input,Sample input text 69
70,translation,easy,Perform classification on this input,Sample input text 70
71,summarization,medium,Perform reasoning on this input,Sample input text 71
72,summarization,hard,Perform classification on this input,Sample input text 72
73,summarization,medium,Perform summarization on this input,Sample input text 73
74,summarization,hard,Perform classification on this input,Sample input text 74
75,translation,easy,Perform qa on this input,Sample input text 75
76,translation,hard,Perform classification on this input,Sample input text 76
77,translation,easy,Perform qa on this input,Sample input text 77
78,qa,hard,Perform classification on this input,Sample input text 78
79,qa,easy,Perform classification on this input,Sample input text 79
80,classification,easy,Perform qa on this input,Sample input text 80
81,translation,medium,Perform classification on this input,Sample input text 81
82,reasoning,easy,Perform summarization on this input,Sample input text 82
83,translation,easy,Perform summarization on this input,Sample input text 83
84,summarization,hard,Perform classification on this input,Sample input text 84
85,translation,hard,Perform translation on this input,Sample input text 85
86,classification,medium,Perform classification on this input,Sample input text 86
87,summarization,medium,Perform translation on this input,Sample input text 87
88,summarization,easy,Perform reasoning on this input,Sample input text 88
89,qa,medium,Perform qa on this input,Sample input text 89
90,qa,medium,Perform summarization on this input,Sample input text 90
91,reasoning,easy,Perform classification on this input,Sample input text 91
92,translation,easy,Perform reasoning on this input,Sample input text 92
93,classification,hard,Perform summarization on this input,Sample input text 93
94,translation,easy,Perform classification on this input,Sample input text 94
95,summarization,hard,Perform reasoning on this input,Sample input text 95
96,summarization,medium,Perform summarization on this input,Sample input text 96
97,summarization,medium,Perform reasoning on this input,Sample input text 97
98,translation,hard,Perform translation on this input,Sample input text 98
99,reasoning,easy,Perform summarization on this input,Sample input text 99
100,classification,hard,Perform translation on this input,Sample input text 100
101,translation,medium,Perform reasoning on this input,Sample input text 101
102,reasoning,medium,Perform summarization on this input,Sample input text 102
103,classification,easy,Perform reasoning on this input,Sample input text 103
104,reasoning,easy,Perform reasoning on this input,Sample input text 104
105,summarization,easy,Perform classification on this input,Sample input text 105
106,reasoning,easy,Perform translation on this input,Sample input text 106
107,summarization,medium,Perform translation on this input,Sample input text 107
108,qa,hard,Perform qa on this input,Sample input text 108
109,summarization,medium,Perform qa on this input,Sample input text 109
110,qa,hard,Perform summarization on this input,Sample input text 110
111,qa,medium,Perform qa on this input,Sample input text 111
112,translation,easy,Perform translation on this input,Sample input text 112
113,summarization,medium,Perform reasoning on this input,Sample input text 113
114,qa,hard,Perform qa on this input,Sample input text 114
115,summarization,medium,Perform translation on this input,Sample input text 115
116,reasoning,medium,Perform translation on this input,Sample input text 116
117,classification,easy,Perform classification on this input,Sample input text 117
118,translation,medium,Perform classification on this input,Sample input text 118
119,summarization,hard,Perform classification on this input,Sample input text 119
120,qa,medium,Perform summarization on this input,Sample input text 120
121,translation,medium,Perform reasoning on this input,Sample input text 121
122,qa,medium,Perform translation on this input,Sample input text 122
123,classification,medium,Perform summarization on this input,Sample input text 123
124,classification,easy,Perform translation on this input,Sample input text 124
125,reasoning,easy,Perform classification on this input,Sample input text 125
126,reasoning,medium,Perform summarization on this input,Sample input text 126
127,classification,easy,Perform qa on this input,Sample input text 127
128,classification,medium,Perform summarization on this input,Sample input text 128
129,translation,hard,Perform summarization on this input,Sample input text 129
130,classification,medium,Perform qa on this input,Sample input text 130
131,reasoning,medium,Perform reasoning on this input,Sample input text 131
132,translation,easy,Perform translation on this input,Sample input text 132
133,qa,medium,Perform translation on this input,Sample input text 133
134,qa,medium,Perform translation on this input,Sample input text 134
135,reasoning,easy,Perform translation on this input,Sample input text 135
136,reasoning,hard,Perform reasoning on this input,Sample input text 136
137,reasoning,hard,Perform summarization on this input,Sample input text 137
138,classification,medium,Perform summarization on this input,Sample input text 138
139,reasoning,medium,Perform translation on this input,Sample input text 139
140,reasoning,medium,Perform classification on this input,Sample input text 140
141,reasoning,hard,Perform translation on this input,Sample input text 141
142,classification,easy,Perform classification on this input,Sample input text 142
143,qa,medium,Perform reasoning on this input,Sample input text 143
144,classification,easy,Perform reasoning on this input,Sample input text 144
145,qa,medium,Perform reasoning on this input,Sample input text 145
146,classification,medium,Perform classification on this input,Sample input text 146
147,qa,medium,Perform summarization on this input,Sample input text 147
148,qa,easy,Perform reasoning on this input,Sample input text 148
149,reasoning,hard,Perform qa on this input,Sample input text 149
150,translation,hard,Perform classification on this input,Sample input text 150
151,classification,medium,Perform summarization on this input,Sample input text 151
152,classification,easy,Perform translation on this input,Sample input text 152
153,reasoning,hard,Perform summarization on this input,Sample input text 153
154,reasoning,hard,Perform translation on this input,Sample input text 154
155,translation,medium,Perform summarization on this input,Sample input text 155
156,classification,easy,Perform reasoning on this input,Sample input text 156
157,classification,hard,Perform qa on this input,Sample input text 157
158,reasoning,hard,Perform qa on this input,Sample input text 158
159,summarization,hard,Perform translation on this input,Sample input text 159
160,qa,easy,Perform qa on this input,Sample input text 160
161,qa,medium,Perform qa on this input,Sample input text 161
162,summarization,easy,Perform classification on this input,Sample input text 162
163,qa,easy,Perform qa on this input,Sample input text 163
164,reasoning,hard,Perform reasoning on this input,Sample input text 164
165,classification,easy,Perform reasoning on this input,Sample input text 165
166,reasoning,easy,Perform classification on this input,Sample input text 166
167,qa,easy,Perform translation on this input,Sample input text 167
168,summarization,easy,Perform summarization on this input,Sample input text 168
169,classification,medium,Perform translation on this input,Sample input text 169
170,reasoning,easy,Perform reasoning on this input,Sample input text 170
171,translation,hard,Perform translation on this input,Sample input text 171
172,translation,easy,Perform classification on this input,Sample input text 172
173,translation,medium,Perform reasoning on this input,Sample input text 173
174,summarization,hard,Perform translation on this input,Sample input text 174
175,classification,easy,Perform translation on this input,Sample input text 175
176,summarization,easy,Perform classification on this input,Sample input text 176
177,classification,hard,Perform qa on this input,Sample input text 177
178,reasoning,easy,Perform summarization on this input,Sample input text 178
179,classification,easy,Perform classification on this input,Sample input text 179
180,summarization,easy,Perform classification on this input,Sample input text 180
181,reasoning,hard,Perform translation on this input,Sample input text 181
182,reasoning,easy,Perform qa on this input,Sample input text 182
183,qa,hard,Perform qa on this input,Sample input text 183
184,reasoning,hard,Perform reasoning on this input,Sample input text 184
185,summarization,hard,Perform qa on this input,Sample input text 185
186,classification,easy,Perform qa on this input,Sample input text 186
187,qa,easy,Perform reasoning on this input,Sample input text 187
188,reasoning,medium,Perform translation on this input,Sample input text 188
189,qa,hard,Perform qa on this input,Sample input text 189
190,qa,easy,Perform reasoning on this input,Sample input text 190
191,reasoning,medium,Perform summarization on this input,Sample input text 191
192,reasoning,easy,Perform classification on this input,Sample input text 192
193,translation,hard,Perform translation on this input,Sample input text 193
194,reasoning,medium,Perform classification on this input,Sample input text 194
195,summarization,easy,Perform classification on this input,Sample input text 195
196,summarization,medium,Perform qa on this input,Sample input text 196
197,summarization,hard,Perform summarization on this input,Sample input text 197
198,reasoning,easy,Perform qa on this input,Sample input text 198
199,classification,medium,Perform qa on this input,Sample input text 199
200,classification,easy,Perform translation on this input,Sample input text 200
201,translation,hard,Perform reasoning on this input,Sample input text 201
202,classification,medium,Perform translation on this input,Sample input text 202
203,classification,easy,Perform translation on this input,Sample input text 203
204,translation,medium,Perform reasoning on this input,Sample input text 204
205,qa,easy,Perform reasoning on this input,Sample input text 205
206,reasoning,hard,Perform reasoning on this input,Sample input text 206
207,reasoning,hard,Perform classification on this input,Sample input text 207
208,reasoning,hard,Perform summarization on this input,Sample input text 208
209,classification,easy,Perform qa on this input,Sample input text 209
210,translation,easy,Perform translation on this input,Sample input text 210
211,reasoning,medium,Perform summarization on this input,Sample input text 211
212,translation,hard,Perform classification on this input,Sample input text 212
213,qa,medium,Perform classification on this input,Sample input text 213
214,classification,easy,Perform qa on this input,Sample input text 214
215,classification,medium,Perform qa on this input,Sample input text 215
216,classification,medium,Perform classification on this input,Sample input text 216
217,classification,easy,Perform translation on this input,Sample input text 217
218,classification,hard,Perform translation on this input,Sample input text 218
219,translation,easy,Perform reasoning on this input,Sample input text 219
220,classification,easy,Perform classification on this input,Sample input text 220
221,reasoning,easy,Perform summarization on this input,Sample input text 221
222,reasoning,medium,Perform qa on this input,Sample input text 222
223,summarization,easy,Perform translation on this input,Sample input text 223
224,qa,medium,Perform qa on this input,Sample input text 224
225,summarization,easy,Perform reasoning on this input,Sample input text 225
226,translation,medium,Perform translation on this input,Sample input text 226
227,qa,hard,Perform translation on this input,Sample input text 227
228,summarization,easy,Perform qa on this input,Sample input text 228
229,translation,medium,Perform summarization on this input,Sample input text 229
230,summarization,easy,Perform reasoning on this input,Sample input text 230
231,translation,medium,Perform translation on this input,Sample input text 231
232,summarization,hard,Perform translation on this input,Sample input text 232
233,reasoning,hard,Perform classification on this input,Sample input text 233
234,translation,easy,Perform reasoning on this input,Sample input text 234
235,summarization,easy,Perform reasoning on this input,Sample input text 235
236,reasoning,easy,Perform qa on this input,Sample input text 236
237,qa,hard,Perform translation on this input,Sample input text 237
238,reasoning,medium,Perform translation on this input,Sample input text 238
239,translation,hard,Perform reasoning on this input,Sample input text 239
240,reasoning,medium,Perform translation on this input,Sample input text 240
241,translation,medium,Perform classification on this input,Sample input text 241
242,qa,medium,Perform qa on this input,Sample input text 242
243,summarization,hard,Perform qa on this input,Sample input text 243
244,classification,easy,Perform classification on this input,Sample input text 244
245,reasoning,medium,Perform summarization on this input,Sample input text 245
246,translation,easy,Perform reasoning on this input,Sample input text 246
247,reasoning,medium,Perform qa on this input,Sample input text 247
248,summarization,hard,Perform classification on this input,Sample input text 248
249,qa,medium,Perform qa on this input,Sample input text 249
250,qa,medium,Perform summarization on this input,Sample input text 250
251,summarization,hard,Perform qa on this input,Sample input text 251
252,classification,easy,Perform translation on this input,Sample input text 252
253,classification,medium,Perform qa on this input,Sample input text 253
254,summarization,easy,Perform reasoning on this input,Sample input text 254
255,reasoning,medium,Perform translation on this input,Sample input text 255
256,qa,easy,Perform classification on this input,Sample input text 256
257,classification,easy,Perform qa on this input,Sample input text 257
258,reasoning,medium,Perform reasoning on this input,Sample input text 258
259,summarization,hard,Perform summarization on this input,Sample input text 259
260,summarization,hard,Perform translation on this input,Sample input text 260
261,summarization,medium,Perform classification on this input,Sample input text 261
262,classification,easy,Perform summarization on this input,Sample input text 262
263,summarization,hard,Perform reasoning on this input,Sample input text 263
264,qa,easy,Perform qa on this input,Sample input text 264
265,summarization,hard,Perform reasoning on this input,Sample input text 265
266,reasoning,medium,Perform classification on this input,Sample input text 266
267,qa,easy,Perform reasoning on this input,Sample input text 267
268,translation,easy,Perform translation on this input,Sample input text 268
269,classification,medium,Perform qa on this input,Sample input text 269
270,translation,medium,Perform qa on this input,Sample input text 270
271,reasoning,hard,Perform translation on this input,Sample input text 271
272,qa,easy,Perform translation on this input,Sample input text 272
273,summarization,hard,Perform reasoning on this input,Sample input text 273
274,translation,medium,Perform classification on this input,Sample input text 274
275,translation,easy,Perform summarization on this input,Sample input text 275
276,reasoning,hard,Perform qa on this input,Sample input text 276
277,classification,hard,Perform qa on this input,Sample input text 277
278,reasoning,medium,Perform summarization on this input,Sample input text 278
279,summarization,hard,Perform summarization on this input,Sample input text 279
280,summarization,hard,Perform classification on this input,Sample input text 280
281,reasoning,medium,Perform qa on this input,Sample input text 281
282,summarization,hard,Perform translation on this input,Sample input text 282
283,reasoning,medium,Perform translation on this input,Sample input text 283
284,translation,hard,Perform qa on this input,Sample input text 284
285,classification,easy,Perform translation on this input,Sample input text 285
286,reasoning,easy,Perform classification on this input,Sample input text 286
287,qa,hard,Perform translation on this input,Sample input text 287
288,reasoning,medium,Perform classification on this input,Sample input text 288
289,qa,hard,Perform translation on this input,Sample input text 289
290,classification,hard,Perform qa on this input,Sample input text 290
291,translation,easy,Perform classification on this input,Sample input text 291
292,qa,medium,Perform summarization on this input,Sample input text 292
293,summarization,easy,Perform reasoning on this input,Sample input text 293
294,translation,easy,Perform reasoning on this input,Sample input text 294
295,reasoning,medium,Perform classification on this input,Sample input text 295
296,summarization,medium,Perform translation on this input,Sample input text 296
297,summarization,hard,Perform reasoning on this input,Sample input text 297
298,classification,hard,Perform qa on this input,Sample input text 298
299,classification,hard,Perform classification on this input,Sample input text 299
300,translation,medium,Perform summarization on this input,Sample input text 300
301,translation,medium,Perform summarization on this input,Sample input text 301
302,qa,hard,Perform reasoning on this input,Sample input text 302
303,classification,easy,Perform qa on this input,Sample input text 303
304,classification,hard,Perform classification on this input,Sample input text 304
305,translation,easy,Perform classification on this input,Sample input text 305
306,translation,medium,Perform reasoning on this input,Sample input text 306
307,summarization,hard,Perform classification on this input,Sample input text 307
308,reasoning,hard,Perform summarization on this input,Sample input text 308
309,translation,medium,Perform qa on this input,Sample input text 309
310,qa,easy,Perform qa on this input,Sample input text 310
311,classification,medium,Perform reasoning on this input,Sample input text 311
312,qa,easy,Perform reasoning on this input,Sample input text 312
313,translation,easy,Perform translation on this input,Sample input text 313
314,summarization,hard,Perform summarization on this input,Sample input text 314
315,translation,easy,Perform classification on this input,Sample input text 315
316,classification,medium,Perform reasoning on this input,Sample input text 316
317,summarization,easy,Perform qa on this input,Sample input text 317
318,classification,hard,Perform summarization on this input,Sample input text 318
319,translation,medium,Perform classification on this input,Sample input text 319
320,reasoning,hard,Perform translation on this input,Sample input text 320
321,reasoning,medium,Perform classification on this input,Sample input text 321
322,summarization,easy,Perform reasoning on this input,Sample input text 322
323,reasoning,hard,Perform summarization on this input,Sample input text 323
324,qa,medium,Perform classification on this input,Sample input text 324
325,translation,easy,Perform qa on this input,Sample input text 325
326,translation,medium,Perform summarization on this input,Sample input text 326
327,reasoning,medium,Perform translation on this input,Sample input text 327
328,translation,easy,Perform translation on this input,Sample input text 328
329,translation,hard,Perform qa on this input,Sample input text 329
330,reasoning,hard,Perform summarization on this input,Sample input text 330
331,summarization,hard,Perform summarization on this input,Sample input text 331
332,qa,hard,Perform reasoning on this input,Sample input text 332
333,translation,medium,Perform summarization on this input,Sample input text 333
334,classification,easy,Perform translation on this input,Sample input text 334
335,translation,easy,Perform reasoning on this input,Sample input text 335
336,summarization,hard,Perform translation on this input,Sample input text 336
337,classification,medium,Perform qa on this input,Sample input text 337
338,qa,easy,Perform summarization on this input,Sample input text 338
339,qa,easy,Perform reasoning on this input,Sample input text 339
340,classification,easy,Perform classification on this input,Sample input text 340
341,reasoning,easy,Perform reasoning on this input,Sample input text 341
342,classification,easy,Perform qa on this input,Sample input text 342
343,summarization,hard,Perform summarization on this input,Sample input text 343
344,summarization,medium,Perform summarization on this input,Sample input text 344
345,summarization,easy,Perform classification on this input,Sample input text 345
346,summarization,medium,Perform qa on this input,Sample input text 346
347,qa,medium,Perform summarization on this input,Sample input text 347
348,classification,medium,Perform reasoning on this input,Sample input text 348
349,qa,easy,Perform translation on this input,Sample input text 349
350,classification,hard,Perform classification on this input,Sample input text 350
351,classification,easy,Perform reasoning on this input,Sample input text 351
352,qa,easy,Perform classification on this input,Sample input text 352
353,qa,easy,Perform summarization on this input,Sample input text 353
354,reasoning,medium,Perform translation on this input,Sample input text 354
355,summarization,hard,Perform translation on this input,Sample input text 355
356,reasoning,easy,Perform qa on this input,Sample input text 356
357,classification,medium,Perform translation on this input,Sample input text 357
358,translation,hard,Perform summarization on this input,Sample input text 358
359,reasoning,hard,Perform translation on this input,Sample input text 359
360,reasoning,easy,Perform qa on this input,Sample input text 360
361,classification,easy,Perform reasoning on this input,Sample input text 361
362,qa,easy,Perform summarization on this input,Sample input text 362
363,classification,easy,Perform qa on this input,Sample input text 363
364,summarization,medium,Perform qa on this input,Sample input text 364
365,qa,hard,Perform qa on this input,Sample input text 365
366,summarization,easy,Perform summarization on this input,Sample input text 366
367,summarization,hard,Perform summarization on this input,Sample input text 367
368,translation,hard,Perform classification on this input,Sample input text 368
369,reasoning,easy,Perform translation on this input,Sample input text 369
370,reasoning,hard,Perform summarization on this input,Sample input text 370
371,qa,medium,Perform reasoning on this input,Sample input text 371
372,translation,hard,Perform translation on this input,Sample input text 372
373,classification,easy,Perform translation on this input,Sample input text 373
374,classification,medium,Perform classification on this input,Sample input text 374
375,reasoning,easy,Perform translation on this input,Sample input text 375
376,reasoning,medium,Perform summarization on this input,Sample input text 376
377,summarization,hard,Perform reasoning on this input,Sample input text 377
378,translation,easy,Perform reasoning on this input,Sample input text 378
379,summarization,medium,Perform translation on this input,Sample input text 379
380,summarization,hard,Perform qa on this input,Sample input text 380
381,qa,medium,Perform classification on this input,Sample input text 381
382,translation,medium,Perform summarization on this input,Sample input text 382
383,classification,easy,Perform reasoning on this input,Sample input text 383
384,summarization,medium,Perform qa on this input,Sample input text 384
385,summarization,medium,Perform qa on this input,Sample input text 385
386,classification,easy,Perform classification on this input,Sample input text 386
387,qa,hard,Perform reasoning on this input,Sample input text 387
388,translation,easy,Perform summarization on this input,Sample input text 388
389,summarization,hard,Perform reasoning on this input,Sample input text 389
390,translation,hard,Perform reasoning on this input,Sample input text 390
391,summarization,hard,Perform translation on this input,Sample input text 391
392,classification,hard,Perform qa on this input,Sample input text 392
393,summarization,medium,Perform summarization on this input,Sample input text 393
394,classification,easy,Perform reasoning on this input,Sample input text 394
395,qa,hard,Perform qa on this input,Sample input text 395
396,translation,hard,Perform reasoning on this input,Sample input text 396
397,summarization,easy,Perform summarization on this input,Sample input text 397
398,classification,easy,Perform classification on this input,Sample input text 398
399,qa,medium,Perform translation on this input,Sample input text 399
400,reasoning,hard,Perform qa on this input,Sample input text 400
401,qa,hard,Perform classification on this input,Sample input text 401
402,classification,easy,Perform reasoning on this input,Sample input text 402
403,translation,medium,Perform reasoning on this input,Sample input text 403
404,classification,hard,Perform classification on this input,Sample input text 404
405,qa,medium,Perform classification on this input,Sample input text 405
406,translation,medium,Perform summarization on this input,Sample input text 406
407,translation,medium,Perform summarization on this input,Sample input text 407
408,translation,medium,Perform translation on this input,Sample input text 408
409,qa,easy,Perform translation on this input,Sample input text 409
410,translation,medium,Perform summarization on this input,Sample input text 410
411,classification,medium,Perform qa on this input,Sample input text 411
412,reasoning,easy,Perform qa on this input,Sample input text 412
413,reasoning,hard,Perform qa on this input,Sample input text 413
414,reasoning,medium,Perform classification on this input,Sample input text 414
415,translation,medium,Perform qa on this input,Sample input text 415
416,translation,easy,Perform translation on this input,Sample input text 416
417,qa,hard,Perform reasoning on this input,Sample input text 417
418,qa,medium,Perform reasoning on this input,Sample input text 418
419,summarization,easy,Perform summarization on this input,Sample input text 419
420,qa,easy,Perform translation on this input,Sample input text 420
421,reasoning,hard,Perform qa on this input,Sample input text 421
422,reasoning,easy,Perform qa on this input,Sample input text 422
423,reasoning,medium,Perform qa on this input,Sample input text 423
424,qa,medium,Perform summarization on this input,Sample input text 424
425,translation,hard,Perform reasoning on this input,Sample input text 425
426,classification,hard,Perform qa on this input,Sample input text 426
427,reasoning,easy,Perform summarization on this input,Sample input text 427
428,summarization,easy,Perform summarization on this input,Sample input text 428
429,summarization,medium,Perform qa on this input,Sample input text 429
430,reasoning,easy,Perform qa on this input,Sample input text 430
431,classification,hard,Perform classification on this input,Sample input text 431
432,summarization,hard,Perform classification on this input,Sample input text 432
433,summarization,easy,Perform summarization on this input,Sample input text 433
434,reasoning,hard,Perform qa on this input,Sample input text 434
435,translation,medium,Perform qa on this input,Sample input text 435
436,reasoning,easy,Perform translation on this input,Sample input text 436
437,translation,easy,Perform translation on this input,Sample input text 437
438,reasoning,hard,Perform qa on this input,Sample input text 438
439,translation,hard,Perform summarization on this input,Sample input text 439
440,summarization,medium,Perform reasoning on this input,Sample input text 440
441,classification,hard,Perform qa on this input,Sample input text 441
442,classification,hard,Perform reasoning on this input,Sample input text 442
443,classification,hard,Perform summarization on this input,Sample input text 443
444,translation,easy,Perform translation on this input,Sample input text 444
445,qa,easy,Perform translation on this input,Sample input text 445
446,classification,medium,Perform summarization on this input,Sample input text 446
447,reasoning,easy,Perform reasoning on this input,Sample input text 447
448,translation,medium,Perform translation on this input,Sample input text 448
449,classification,hard,Perform summarization on this input,Sample input text 449
450,qa,easy,Perform reasoning on this input,Sample input text 450
451,qa,hard,Perform qa on this input,Sample input text 451
452,translation,hard,Perform qa on this input,Sample input text 452
453,reasoning,medium,Perform qa on this input,Sample input text 453
454,reasoning,hard,Perform translation on this input,Sample input text 454
455,summarization,medium,Perform summarization on this input,Sample input text 455
456,reasoning,medium,Perform classification on this input,Sample input text 456
457,summarization,medium,Perform summarization on this input,Sample input text 457
458,qa,hard,Perform translation on this input,Sample input text 458
459,summarization,easy,Perform qa on this input,Sample input text 459
460,summarization,easy,Perform summarization on this input,Sample input text 460
461,qa,hard,Perform classification on this input,Sample input text 461
462,translation,easy,Perform translation on this input,Sample input text 462
463,reasoning,medium,Perform translation on this input,Sample input text 463
464,reasoning,medium,Perform classification on this input,Sample input text 464
465,qa,hard,Perform summarization on this input,Sample input text 465
466,qa,medium,Perform summarization on this input,Sample input text 466
467,reasoning,easy,Perform qa on this input,Sample input text 467
468,summarization,hard,Perform classification on this input,Sample input text 468
469,reasoning,medium,Perform translation on this input,Sample input text 469
470,reasoning,medium,Perform reasoning on this input,Sample input text 470
471,classification,easy,Perform classification on this input,Sample input text 471
472,translation,medium,Perform translation on this input,Sample input text 472
473,classification,easy,Perform translation on this input,Sample input text 473
474,translation,hard,Perform reasoning on this input,Sample input text 474
475,qa,medium,Perform reasoning on this input,Sample input text 475
476,translation,easy,Perform reasoning on this input,Sample input text 476
477,translation,hard,Perform translation on this input,Sample input text 477
478,translation,hard,Perform qa on this input,Sample input text 478
479,reasoning,easy,Perform reasoning on this input,Sample input text 479
480,summarization,medium,Perform summarization on this input,Sample input text 480
481,reasoning,medium,Perform translation on this input,Sample input text 481
482,classification,hard,Perform classification on this input,Sample input text 482
483,reasoning,hard,Perform reasoning on this input,Sample input text 483
484,summarization,easy,Perform qa on this input,Sample input text 484
485,summarization,medium,Perform translation on this input,Sample input text 485
486,qa,easy,Perform translation on this input,Sample input text 486
487,qa,hard,Perform reasoning on this input,Sample input text 487
488,reasoning,medium,Perform translation on this input,Sample input text 488
489,translation,hard,Perform classification on this input,Sample input text 489
490,qa,easy,Perform reasoning on this input,Sample input text 490
491,summarization,medium,Perform summarization on this input,Sample input text 491
492,qa,medium,Perform translation on this input,Sample input text 492
493,summarization,hard,Perform reasoning on this input,Sample input text 493
494,reasoning,hard,Perform translation on this input,Sample input text 494
495,translation,medium,Perform reasoning on this input,Sample input text 495
496,qa,hard,Perform translation on this input,Sample input text 496
497,summarization,hard,Perform classification on this input,Sample input text 497
498,reasoning,easy,Perform summarization on this input,Sample input text 498
499,translation,medium,Perform classification on this input,Sample input text 499
500,qa,easy,Perform translation on this input,Sample input text 500
501,reasoning,hard,Perform summarization on this input,Sample input text 501
502,qa,hard,Perform summarization on this input,Sample input text 502
503,reasoning,medium,Perform qa on this input,Sample input text 503
504,reasoning,easy,Perform classification on this input,Sample input text 504
505,reasoning,easy,Perform translation on this input,Sample input text 505
506,qa,easy,Perform reasoning on this input,Sample input text 506
507,summarization,medium,Perform summarization on this input,Sample input text 507
508,qa,hard,Perform reasoning on this input,Sample input text 508
509,reasoning,easy,Perform summarization on this input,Sample input text 509
510,classification,easy,Perform summarization on this input,Sample input text 510
511,summarization,easy,Perform reasoning on this input,Sample input text 511
512,summarization,easy,Perform translation on this input,Sample input text 512
513,reasoning,medium,Perform classification on this input,Sample input text 513
514,summarization,medium,Perform classification on this input,Sample input text 514
515,reasoning,hard,Perform reasoning on this input,Sample input text 515
516,qa,easy,Perform summarization on this input,Sample input text 516
517,qa,medium,Perform summarization on this input,Sample input text 517
518,reasoning,medium,Perform qa on this input,Sample input text 518
519,classification,medium,Perform reasoning on this input,Sample input text 519
520,reasoning,hard,Perform qa on this input,Sample input text 520
521,reasoning,medium,Perform summarization on this input,Sample input text 521
522,translation,easy,Perform translation on this input,Sample input text 522
523,qa,easy,Perform summarization on this input,Sample input text 523
524,summarization,medium,Perform qa on this input,Sample input text 524
525,translation,medium,Perform classification on this input,Sample input text 525
526,classification,hard,Perform reasoning on this input,Sample input text 526
527,reasoning,medium,Perform classification on this input,Sample input text 527
528,classification,medium,Perform classification on this input,Sample input text 528
529,summarization,easy,Perform classification on this input,Sample input text 529
530,translation,medium,Perform translation on this input,Sample input text 530
531,qa,hard,Perform qa on this input,Sample input text 531
532,qa,medium,Perform reasoning on this input,Sample input text 532
533,classification,hard,Perform summarization on this input,Sample input text 533
534,classification,easy,Perform classification on this input,Sample input text 534
535,reasoning,hard,Perform translation on this input,Sample input text 535
536,summarization,hard,Perform qa on this input,Sample input text 536
537,qa,medium,Perform qa on this input,Sample input text 537
538,reasoning,easy,Perform summarization on this input,Sample input text 538
539,reasoning,easy,Perform reasoning on this input,Sample input text 539
540,reasoning,hard,Perform classification on this input,Sample input text 540
541,qa,hard,Perform classification on this input,Sample input text 541
542,summarization,hard,Perform summarization on this input,Sample input text 542
543,translation,medium,Perform classification on this input,Sample input text 543
544,classification,easy,Perform reasoning on this input,Sample input text 544
545,reasoning,hard,Perform classification on this input,Sample input text 545
546,summarization,easy,Perform reasoning on this input,Sample input text 546
547,summarization,hard,Perform translation on this input,Sample input text 547
548,qa,medium,Perform qa on this input,Sample input text 548
549,reasoning,hard,Perform translation on this input,Sample input text 549
550,translation,medium,Perform classification on this input,Sample input text 550
551,summarization,medium,Perform translation on this input,Sample input text 551
552,translation,easy,Perform reasoning on this input,Sample input text 552
553,summarization,medium,Perform qa on this input,Sample input text 553
554,classification,hard,Perform summarization on this input,Sample input text 554
555,reasoning,easy,Perform classification on this input,Sample input text 555
556,qa,hard,Perform classification on this input,Sample input text 556
557,translation,medium,Perform translation on this input,Sample input text 557
558,classification,easy,Perform translation on this input,Sample input text 558
559,classification,hard,Perform reasoning on this input,Sample input text 559
560,reasoning,medium,Perform summarization on this input,Sample input text 560
561,reasoning,easy,Perform reasoning on this input,Sample input text 561
562,qa,medium,Perform qa on this input,Sample input text 562
563,summarization,easy,Perform translation on this input,Sample input text 563
564,translation,medium,Perform translation on this input,Sample input text 564
565,summarization,medium,Perform summarization on this input,Sample input text 565
566,translation,easy,Perform classification on this input,Sample input text 566
567,translation,medium,Perform classification on this input,Sample input text 567
568,classification,easy,Perform qa on this input,Sample input text 568
569,qa,easy,Perform qa on this input,Sample input text 569
570,translation,easy,Perform translation on this input,Sample input text 570
571,reasoning,medium,Perform translation on this input,Sample input text 571
572,reasoning,medium,Perform qa on this input,Sample input text 572
573,qa,medium,Perform qa on this input,Sample input text 573
574,qa,hard,Perform qa on this input,Sample input text 574
575,qa,hard,Perform classification on this input,Sample input text 575
576,translation,hard,Perform reasoning on this input,Sample input text 576
577,summarization,hard,Perform translation on this input,Sample input text 577
578,translation,hard,Perform translation on this input,Sample input text 578
579,qa,medium,Perform classification on this input,Sample input text 579
580,classification,medium,Perform summarization on this input,Sample input text 580
581,summarization,medium,Perform qa on this input,Sample input text 581
582,qa,hard,Perform summarization on this input,Sample input text 582
583,translation,medium,Perform summarization on this input,Sample input text 583
584,qa,medium,Perform classification on this input,Sample input text 584
585,classification,easy,Perform translation on this input,Sample input text 585
586,reasoning,hard,Perform qa on this input,Sample input text 586
587,summarization,hard,Perform classification on this input,Sample input text 587
588,reasoning,easy,Perform reasoning on this input,Sample input text 588
589,summarization,medium,Perform qa on this input,Sample input text 589
590,summarization,medium,Perform reasoning on this input,Sample input text 590
591,translation,hard,Perform summarization on this input,Sample input text 591
592,classification,medium,Perform summarization on this input,Sample input text 592
593,summarization,easy,Perform reasoning on this input,Sample input text 593
594,translation,hard,Perform classification on this input,Sample input text 594
595,translation,medium,Perform reasoning on this input,Sample input text 595
596,qa,easy,Perform classification on this input,Sample input text 596
597,reasoning,medium,Perform classification on this input,Sample input text 597
598,classification,medium,Perform translation on this input,Sample input text 598
599,summarization,easy,Perform classification on this input,Sample input text 599
600,qa,easy,Perform qa on this input,Sample input text 600
601,classification,medium,Perform qa on this input,Sample input text 601
602,classification,medium,Perform qa on this input,Sample input text 602
603,summarization,hard,Perform qa on this input,Sample input text 603
604,reasoning,hard,Perform reasoning on this input,Sample input text 604
605,qa,easy,Perform translation on this input,Sample input text 605
606,summarization,medium,Perform classification on this input,Sample input text 606
607,qa,medium,Perform qa on this input,Sample input text 607
608,reasoning,easy,Perform reasoning on this input,Sample input text 608
609,translation,medium,Perform classification on this input,Sample input text 609
610,reasoning,hard,Perform translation on this input,Sample input text 610
611,classification,medium,Perform translation on this input,Sample input text 611
612,summarization,easy,Perform translation on this input,Sample input text 612
613,classification,medium,Perform summarization on this input,Sample input text 613
614,reasoning,easy,Perform translation on this input,Sample input text 614
615,classification,easy,Perform summarization on this input,Sample input text 615
616,qa,hard,Perform qa on this input,Sample input text 616
617,reasoning,medium,Perform classification on this input,Sample input text 617
618,translation,easy,Perform reasoning on this input,Sample input text 618
619,classification,hard,Perform classification on this input,Sample input text 619
620,translation,easy,Perform classification on this input,Sample input text 620
621,classification,easy,Perform summarization on this input,Sample input text 621
622,reasoning,hard,Perform reasoning on this input,Sample input text 622
623,classification,easy,Perform translation on this input,Sample input text 623
624,translation,hard,Perform classification on this input,Sample input text 624
625,summarization,easy,Perform classification on this input,Sample input text 625
626,qa,medium,Perform qa on this input,Sample input text 626
627,translation,hard,Perform reasoning on this input,Sample input text 627
628,classification,medium,Perform reasoning on this input,Sample input text 628
629,translation,hard,Perform summarization on this input,Sample input text 629
630,reasoning,easy,Perform summarization on this input,Sample input text 630
631,reasoning,easy,Perform translation on this input,Sample input text 631
632,summarization,medium,Perform classification on this input,Sample input text 632
633,qa,easy,Perform qa on this input,Sample input text 633
634,summarization,hard,Perform qa on this input,Sample input text 634
635,translation,medium,Perform reasoning on this input,Sample input text 635
636,translation,hard,Perform summarization on this input,Sample input text 636
637,qa,hard,Perform classification on this input,Sample input text 637
638,classification,hard,Perform reasoning on this input,Sample input text 638
639,classification,medium,Perform qa on this input,Sample input text 639
640,classification,hard,Perform qa on this input,Sample input text 640
641,reasoning,easy,Perform reasoning on this input,Sample input text 641
642,reasoning,hard,Perform qa on this input,Sample input text 642
643,translation,hard,Perform qa on this input,Sample input text 643
644,summarization,medium,Perform qa on this input,Sample input text 644
645,qa,easy,Perform qa on this input,Sample input text 645
646,translation,hard,Perform translation on this input,Sample input text 646
647,classification,easy,Perform translation on this input,Sample input text 647
648,summarization,hard,Perform reasoning on this input,Sample input text 648
649,reasoning,easy,Perform qa on this input,Sample input text 649
650,classification,medium,Perform qa on this input,Sample input text 650
651,translation,easy,Perform translation on this input,Sample input text 651
652,translation,easy,Perform translation on this input,Sample input text 652
653,reasoning,easy,Perform translation on this input,Sample input text 653
654,summarization,medium,Perform reasoning on this input,Sample input text 654
655,classification,medium,Perform summarization on this input,Sample input text 655
656,qa,medium,Perform reasoning on this input,Sample input text 656
657,translation,hard,Perform summarization on this input,Sample input text 657
658,reasoning,hard,Perform translation on this input,Sample input text 658
659,translation,easy,Perform translation on this input,Sample input text 659
660,classification,medium,Perform reasoning on this input,Sample input text 660
661,summarization,easy,Perform translation on this input,Sample input text 661
662,translation,easy,Perform translation on this input,Sample input text 662
663,summarization,medium,Perform qa on this input,Sample input text 663
664,summarization,hard,Perform qa on this input,Sample input text 664
665,qa,medium,Perform translation on this input,Sample input text 665
666,summarization,easy,Perform qa on this input,Sample input text 666
667,qa,medium,Perform classification on this input,Sample input text 667
668,reasoning,easy,Perform qa on this input,Sample input text 668
669,translation,easy,Perform qa on this input,Sample input text 669
670,reasoning,hard,Perform classification on this input,Sample input text 670
671,classification,hard,Perform summarization on this input,Sample input text 671
672,qa,hard,Perform summarization on this input,Sample input text 672
673,reasoning,easy,Perform summarization on this input,Sample input text 673
674,reasoning,hard,Perform translation on this input,Sample input text 674
675,classification,hard,Perform summarization on this input,Sample input text 675
676,classification,easy,Perform reasoning on this input,Sample input text 676
677,summarization,medium,Perform reasoning on this input,Sample input text 677
678,classification,easy,Perform classification on this input,Sample input text 678
679,summarization,easy,Perform classification on this input,Sample input text 679
680,summarization,medium,Perform classification on this input,Sample input text 680
681,qa,medium,Perform translation on this input,Sample input text 681
682,reasoning,medium,Perform translation on this input,Sample input text 682
683,summarization,hard,Perform classification on this input,Sample input text 683
684,qa,hard,Perform reasoning on this input,Sample input text 684
685,translation,medium,Perform reasoning on this input,Sample input text 685
686,qa,medium,Perform translation on this input,Sample input text 686
687,classification,easy,Perform qa on this input,Sample input text 687
688,summarization,easy,Perform reasoning on this input,Sample input text 688
689,classification,easy,Perform qa on this input,Sample input text 689
690,translation,hard,Perform qa on this input,Sample input text 690
691,qa,easy,Perform reasoning on this input,Sample input text 691
692,qa,easy,Perform qa on this input,Sample input text 692
693,summarization,easy,Perform classification on this input,Sample input text 693
694,qa,hard,Perform classification on this input,Sample input text 694
695,classification,hard,Perform qa on this input,Sample input text 695
696,translation,medium,Perform summarization on this input,Sample input text 696
697,classification,medium,Perform translation on this input,Sample input text 697
698,qa,easy,Perform translation on this input,Sample input text 698
699,summarization,medium,Perform translation on this input,Sample input text 699
700,reasoning,easy,Perform reasoning on this input,Sample input text 700
701,summarization,hard,Perform summarization on this input,Sample input text 701
702,qa,easy,Perform reasoning on this input,Sample input text 702
703,reasoning,easy,Perform translation on this input,Sample input text 703
704,qa,hard,Perform reasoning on this input,Sample input text 704
705,qa,hard,Perform qa on this input,Sample input text 705
706,reasoning,hard,Perform translation on this input,Sample input text 706
707,translation,hard,Perform classification on this input,Sample input text 707
708,summarization,medium,Perform qa on this input,Sample input text 708
709,reasoning,medium,Perform classification on this input,Sample input text 709
710,reasoning,easy,Perform classification on this input,Sample input text 710
711,summarization,easy,Perform translation on this input,Sample input text 711
712,summarization,medium,Perform translation on this input,Sample input text 712
713,classification,easy,Perform translation on this input,Sample input text 713
714,classification,medium,Perform classification on this input,Sample input text 714
715,reasoning,hard,Perform reasoning on this input,Sample input text 715
716,qa,hard,Perform classification on this input,Sample input text 716
717,reasoning,medium,Perform summarization on this input,Sample input text 717
718,qa,hard,Perform classification on this input,Sample input text 718
719,qa,medium,Perform translation on this input,Sample input text 719
720,summarization,medium,Perform classification on this input,Sample input text 720
721,classification,medium,Perform classification on this input,Sample input text 721
722,reasoning,easy,Perform reasoning on this input,Sample input text 722
723,translation,hard,Perform qa on this input,Sample input text 723
724,translation,hard,Perform classification on this input,Sample input text 724
725,translation,hard,Perform reasoning on this input,Sample input text 725
726,classification,hard,Perform reasoning on this input,Sample input text 726
727,classification,easy,Perform translation on this input,Sample input text 727
728,reasoning,medium,Perform qa on this input,Sample input text 728
729,translation,easy,Perform classification on this input,Sample input text 729
730,classification,medium,Perform reasoning on this input,Sample input text 730
731,classification,easy,Perform qa on this input,Sample input text 731
732,reasoning,medium,Perform translation on this input,Sample input text 732
733,reasoning,medium,Perform summarization on this input,Sample input text 733
734,translation,easy,Perform translation on this input,Sample input text 734
735,summarization,hard,Perform classification on this input,Sample input text 735
736,qa,medium,Perform summarization on this input,Sample input text 736
737,summarization,hard,Perform classification on this input,Sample input text 737
738,reasoning,medium,Perform classification on this input,Sample input text 738
739,translation,medium,Perform qa on this input,Sample input text 739
740,reasoning,hard,Perform qa on this input,Sample input text 740
741,summarization,hard,Perform classification on this input,Sample input text 741
742,translation,hard,Perform reasoning on this input,Sample input text 742
743,summarization,medium,Perform summarization on this input,Sample input text 743
744,qa,hard,Perform qa on this input,Sample input text 744
745,classification,medium,Perform qa on this input,Sample input text 745
746,translation,medium,Perform translation on this input,Sample input text 746
747,reasoning,medium,Perform translation on this input,Sample input text 747
748,classification,hard,Perform translation on this input,Sample input text 748
749,reasoning,hard,Perform summarization on this input,Sample input text 749
750,translation,medium,Perform translation on this input,Sample input text 750
751,reasoning,easy,Perform qa on this input,Sample input text 751
752,reasoning,medium,Perform classification on this input,Sample input text 752
753,translation,hard,Perform classification on this input,Sample input text 753
754,reasoning,easy,Perform classification on this input,Sample input text 754
755,qa,easy,Perform classification on this input,Sample input text 755
756,reasoning,hard,Perform qa on this input,Sample input text 756
757,classification,hard,Perform summarization on this input,Sample input text 757
758,summarization,easy,Perform summarization on this input,Sample input text 758
759,qa,medium,Perform translation on this input,Sample input text 759
760,qa,medium,Perform summarization on this input,Sample input text 760
761,qa,easy,Perform translation on this input,Sample input text 761
762,summarization,easy,Perform summarization on this input,Sample input text 762
763,reasoning,easy,Perform classification on this input,Sample input text 763
764,summarization,hard,Perform classification on this input,Sample input text 764
765,translation,hard,Perform translation on this input,Sample input text 765
766,reasoning,hard,Perform classification on this input,Sample input text 766
767,classification,easy,Perform classification on this input,Sample input text 767
768,classification,medium,Perform qa on this input,Sample input text 768
769,reasoning,hard,Perform reasoning on this input,Sample input text 769
770,summarization,hard,Perform summarization on this input,Sample input text 770
771,classification,medium,Perform reasoning on this input,Sample input text 771
772,reasoning,medium,Perform reasoning on this input,Sample input text 772
773,qa,medium,Perform summarization on this input,Sample input text 773
774,reasoning,medium,Perform reasoning on this input,Sample input text 774
775,qa,hard,Perform qa on this input,Sample input text 775
776,reasoning,easy,Perform reasoning on this input,Sample input text 776
777,reasoning,medium,Perform qa on this input,Sample input text 777
778,reasoning,easy,Perform reasoning on this input,Sample input text 778
779,qa,easy,Perform reasoning on this input,Sample input text 779
780,classification,easy,Perform summarization on this input,Sample input text 780
781,translation,hard,Perform reasoning on this input,Sample input text 781
782,classification,hard,Perform reasoning on this input,Sample input text 782
783,qa,medium,Perform classification on this input,Sample input text 783
784,qa,medium,Perform summarization on this input,Sample input text 784
785,translation,easy,Perform classification on this input,Sample input text 785
786,reasoning,medium,Perform qa on this input,Sample input text 786
787,reasoning,medium,Perform reasoning on this input,Sample input text 787
788,translation,easy,Perform translation on this input,Sample input text 788
789,translation,easy,Perform translation on this input,Sample input text 789
790,qa,easy,Perform translation on this input,Sample input text 790
791,qa,medium,Perform qa on this input,Sample input text 791
792,classification,easy,Perform classification on this input,Sample input text 792
793,summarization,hard,Perform qa on this input,Sample input text 793
794,summarization,medium,Perform translation on this input,Sample input text 794
795,translation,hard,Perform reasoning on this input,Sample input text 795
796,summarization,easy,Perform classification on this input,Sample input text 796
797,translation,hard,Perform reasoning on this input,Sample input text 797
798,reasoning,easy,Perform summarization on this input,Sample input text 798
799,translation,easy,Perform summarization on this input,Sample input text 799
800,summarization,easy,Perform reasoning on this input,Sample input text 800
801,classification,easy,Perform qa on this input,Sample input text 801
802,classification,hard,Perform classification on this input,Sample input text 802
803,summarization,hard,Perform summarization on this input,Sample input text 803
804,classification,hard,Perform summarization on this input,Sample input text 804
805,qa,easy,Perform reasoning on this input,Sample input text 805
806,qa,medium,Perform classification on this input,Sample input text 806
807,translation,hard,Perform translation on this input,Sample input text 807
808,translation,medium,Perform qa on this input,Sample input text 808
809,summarization,easy,Perform classification on this input,Sample input text 809
810,classification,medium,Perform translation on this input,Sample input text 810
811,translation,easy,Perform qa on this input,Sample input text 811
812,qa,medium,Perform reasoning on this input,Sample input text 812
813,classification,hard,Perform qa on this input,Sample input text 813
814,reasoning,easy,Perform classification on this input,Sample input text 814
815,qa,hard,Perform qa on this input,Sample input text 815
816,translation,medium,Perform translation on this input,Sample input text 816
817,translation,hard,Perform classification on this input,Sample input text 817
818,qa,easy,Perform qa on this input,Sample input text 818
819,classification,medium,Perform classification on this input,Sample input text 819
820,reasoning,hard,Perform translation on this input,Sample input text 820
821,reasoning,hard,Perform qa on this input,Sample input text 821
822,translation,easy,Perform qa on this input,Sample input text 822
823,reasoning,easy,Perform reasoning on this input,Sample input text 823
824,classification,hard,Perform summarization on this input,Sample input text 824
825,translation,medium,Perform classification on this input,Sample input text 825
826,reasoning,easy,Perform qa on this input,Sample input text 826
827,qa,easy,Perform reasoning on this input,Sample input text 827
828,classification,hard,Perform qa on this input,Sample input text 828
829,summarization,hard,Perform classification on this input,Sample input text 829
830,reasoning,medium,Perform summarization on this input,Sample input text 830
831,reasoning,easy,Perform translation on this input,Sample input text 831
832,summarization,hard,Perform summarization on this input,Sample input text 832
833,reasoning,medium,Perform classification on this input,Sample input text 833
834,translation,easy,Perform qa on this input,Sample input text 834
835,qa,easy,Perform classification on this input,Sample input text 835
836,reasoning,hard,Perform translation on this input,Sample input text 836
837,classification,hard,Perform qa on this input,Sample input text 837
838,qa,hard,Perform translation on this input,Sample input text 838
839,qa,easy,Perform summarization on this input,Sample input text 839
840,summarization,medium,Perform translation on this input,Sample input text 840
841,reasoning,easy,Perform classification on this input,Sample input text 841
842,classification,medium,Perform qa on this input,Sample input text 842
843,qa,medium,Perform classification on this input,Sample input text 843
844,translation,medium,Perform translation on this input,Sample input text 844
845,qa,easy,Perform translation on this input,Sample input text 845
846,classification,hard,Perform summarization on this input,Sample input text 846
847,summarization,easy,Perform qa on this input,Sample input text 847
848,classification,hard,Perform reasoning on this input,Sample input text 848
849,classification,medium,Perform summarization on this input,Sample input text 849
850,qa,easy,Perform reasoning on this input,Sample input text 850
851,reasoning,medium,Perform classification on this input,Sample input text 851
852,classification,easy,Perform reasoning on this input,Sample input text 852
853,classification,easy,Perform classification on this input,Sample input text 853
854,reasoning,medium,Perform summarization on this input,Sample input text 854
855,reasoning,medium,Perform classification on this input,Sample input text 855
856,classification,medium,Perform qa on this input,Sample input text 856
857,qa,hard,Perform classification on this input,Sample input text 857
858,classification,hard,Perform translation on this input,Sample input text 858
859,summarization,medium,Perform reasoning on this input,Sample input text 859
860,classification,medium,Perform qa on this input,Sample input text 860
861,reasoning,hard,Perform classification on this input,Sample input text 861
862,summarization,easy,Perform classification on this input,Sample input text 862
863,translation,hard,Perform translation on this input,Sample input text 863
864,qa,hard,Perform classification on this input,Sample input text 864
865,translation,hard,Perform classification on this input,Sample input text 865
866,summarization,hard,Perform summarization on this input,Sample input text 866
867,translation,medium,Perform reasoning on this input,Sample input text 867
868,translation,easy,Perform classification on this input,Sample input text 868
869,classification,hard,Perform summarization on this input,Sample input text 869
870,classification,hard,Perform translation on this input,Sample input text 870
871,qa,easy,Perform translation on this input,Sample input text 871
872,classification,easy,Perform qa on this input,Sample input text 872
873,qa,hard,Perform reasoning on this input,Sample input text 873
874,summarization,easy,Perform reasoning on this input,Sample input text 874
875,translation,hard,Perform reasoning on this input,Sample input text 875
876,summarization,easy,Perform summarization on this input,Sample input text 876
877,qa,hard,Perform qa on this input,Sample input text 877
878,summarization,easy,Perform reasoning on this input,Sample input text 878
879,reasoning,easy,Perform reasoning on this input,Sample input text 879
880,qa,easy,Perform classification on this input,Sample input text 880
881,qa,medium,Perform qa on this input,Sample input text 881
882,summarization,easy,Perform translation on this input,Sample input text 882
883,classification,medium,Perform translation on this input,Sample input text 883
884,classification,easy,Perform classification on this input,Sample input text 884
885,translation,easy,Perform classification on this input,Sample input text 885
886,qa,medium,Perform classification on this input,Sample input text 886
887,summarization,hard,Perform classification on this input,Sample input text 887
888,qa,medium,Perform qa on this input,Sample input text 888
889,translation,easy,Perform classification on this input,Sample input text 889
890,translation,easy,Perform classification on this input,Sample input text 890
891,summarization,medium,Perform qa on this input,Sample input text 891
892,summarization,easy,Perform reasoning on this input,Sample input text 892
893,classification,medium,Perform translation on this input,Sample input text 893
894,summarization,hard,Perform qa on this input,Sample input text 894
895,summarization,hard,Perform reasoning on this input,Sample input text 895
896,qa,medium,Perform classification on this input,Sample input text 896
897,translation,easy,Perform qa on this input,Sample input text 897
898,reasoning,medium,Perform reasoning on this input,Sample input text 898
899,summarization,hard,Perform qa on this input,Sample input text 899
900,reasoning,easy,Perform summarization on this input,Sample input text 900
901,summarization,easy,Perform reasoning on this input,Sample input text 901
902,classification,easy,Perform reasoning on this input,Sample input text 902
903,translation,easy,Perform qa on this input,Sample input text 903
904,reasoning,hard,Perform qa on this input,Sample input text 904
905,translation,hard,Perform translation on this input,Sample input text 905
906,translation,easy,Perform reasoning on this input,Sample input text 906
907,qa,medium,Perform summarization on this input,Sample input text 907
908,translation,hard,Perform translation on this input,Sample input text 908
909,translation,medium,Perform qa on this input,Sample input text 909
910,translation,medium,Perform reasoning on this input,Sample input text 910
911,reasoning,medium,Perform translation on this input,Sample input text 911
912,qa,medium,Perform qa on this input,Sample input text 912
913,summarization,easy,Perform classification on this input,Sample input text 913
914,classification,hard,Perform qa on this input,Sample input text 914
915,summarization,hard,Perform translation on this input,Sample input text 915
916,reasoning,medium,Perform classification on this input,Sample input text 916
917,classification,medium,Perform reasoning on this input,Sample input text 917
918,classification,medium,Perform summarization on this input,Sample input text 918
919,reasoning,easy,Perform qa on this input,Sample input text 919
920,classification,medium,Perform translation on this input,Sample input text 920
921,qa,easy,Perform summarization on this input,Sample input text 921
922,classification,easy,Perform qa on this input,Sample input text 922
923,classification,hard,Perform classification on this input,Sample input text 923
924,translation,hard,Perform qa on this input,Sample input text 924
925,summarization,hard,Perform reasoning on this input,Sample input text 925
926,summarization,hard,Perform classification on this input,Sample input text 926
927,qa,easy,Perform classification on this input,Sample input text 927
928,reasoning,easy,Perform translation on this input,Sample input text 928
929,qa,medium,Perform classification on this input,Sample input text 929
930,classification,medium,Perform classification on this input,Sample input text 930
931,qa,hard,Perform summarization on this input,Sample input text 931
932,reasoning,hard,Perform summarization on this input,Sample input text 932
933,qa,hard,Perform translation on this input,Sample input text 933
934,classification,easy,Perform reasoning on this input,Sample input text 934
935,classification,hard,Perform reasoning on this input,Sample input text 935
936,classification,medium,Perform summarization on this input,Sample input text 936
937,translation,hard,Perform translation on this input,Sample input text 937
938,reasoning,hard,Perform reasoning on this input,Sample input text 938
939,reasoning,medium,Perform reasoning on this input,Sample input text 939
940,qa,medium,Perform qa on this input,Sample input text 940
941,summarization,hard,Perform summarization on this input,Sample input text 941
942,reasoning,easy,Perform summarization on this input,Sample input text 942
943,translation,easy,Perform classification on this input,Sample input text 943
944,qa,medium,Perform reasoning on this input,Sample input text 944
945,summarization,easy,Perform classification on this input,Sample input text 945
946,reasoning,easy,Perform classification on this input,Sample input text 946
947,qa,medium,Perform summarization on this input,Sample input text 947
948,classification,easy,Perform summarization on this input,Sample input text 948
949,qa,hard,Perform classification on this input,Sample input text 949
950,classification,easy,Perform reasoning on this input,Sample input text 950
951,qa,medium,Perform summarization on this input,Sample input text 951
952,classification,medium,Perform qa on this input,Sample input text 952
953,reasoning,medium,Perform translation on this input,Sample input text 953
954,reasoning,hard,Perform classification on this input,Sample input text 954
955,qa,easy,Perform summarization on this input,Sample input text 955
956,qa,medium,Perform summarization on this input,Sample input text 956
957,translation,hard,Perform translation on this input,Sample input text 957
958,reasoning,hard,Perform summarization on this input,Sample input text 958
959,summarization,easy,Perform classification on this input,Sample input text 959
960,reasoning,medium,Perform qa on this input,Sample input text 960
961,summarization,hard,Perform translation on this input,Sample input text 961
962,classification,easy,Perform summarization on this input,Sample input text 962
963,classification,medium,Perform translation on this input,Sample input text 963
964,reasoning,hard,Perform translation on this input,Sample input text 964
965,reasoning,easy,Perform classification on this input,Sample input text 965
966,classification,easy,Perform translation on this input,Sample input text 966
967,summarization,easy,Perform qa on this input,Sample input text 967
968,summarization,easy,Perform summarization on this input,Sample input text 968
969,summarization,hard,Perform summarization on this input,Sample input text 969
970,summarization,medium,Perform classification on this input,Sample input text 970
971,reasoning,medium,Perform summarization on this input,Sample input text 971
972,summarization,medium,Perform summarization on this input,Sample input text 972
973,classification,easy,Perform translation on this input,Sample input text 973
974,qa,medium,Perform translation on this input,Sample input text 974
975,summarization,medium,Perform summarization on this input,Sample input text 975
976,summarization,medium,Perform summarization on this input,Sample input text 976
977,translation,easy,Perform translation on this input,Sample input text 977
978,summarization,hard,Perform translation on this input,Sample input text 978
979,classification,hard,Perform classification on this input,Sample input text 979
980,reasoning,easy,Perform classification on this input,Sample input text 980
981,translation,medium,Perform translation on this input,Sample input text 981
982,translation,easy,Perform summarization on this input,Sample input text 982
983,reasoning,hard,Perform translation on this input,Sample input text 983
984,summarization,medium,Perform translation on this input,Sample input text 984
985,classification,hard,Perform classification on this input,Sample input text 985
986,classification,medium,Perform translation on this input,Sample input text 986
987,reasoning,medium,Perform translation on this input,Sample input text 987
988,reasoning,medium,Perform translation on this input,Sample input text 988
989,classification,hard,Perform summarization on this input,Sample input text 989
990,qa,easy,Perform reasoning on this input,Sample input text 990
991,reasoning,easy,Perform summarization on this input,Sample input text 991
992,classification,easy,Perform reasoning on this input,Sample input text 992
993,reasoning,easy,Perform reasoning on this input,Sample input text 993
994,translation,hard,Perform translation on this input,Sample input text 994
995,qa,easy,Perform reasoning on this input,Sample input text 995
996,classification,medium,Perform classification on this input,Sample input text 996
997,translation,hard,Perform qa on this input,Sample input text 997
998,classification,easy,Perform reasoning on this input,Sample input text 998
999,summarization,medium,Perform classification on this input,Sample input text 999
